CD298/_2-microglobulin_LNH-94; 2M2	GTCAACTCTTTAGCG
CD298/_2-microglobulin_LNH-94; 2M2	TGATGGCCTATTGGG
CD298/_2-microglobulin_LNH-94; 2M2	TTCCGCCTCTCTTTG
CD298/_2-microglobulin_LNH-94; 2M2	AGTAAGTTCAGCGTA
CD298/_2-microglobulin_LNH-94; 2M2	AAGTATCGTTTCGCA
CD298/_2-microglobulin_LNH-94; 2M2	GGTTGCCAGATGTCA
CD298/_2-microglobulin_LNH-94; 2M2	TGTCTTTCCTGCCAG
CD298/_2-microglobulin_LNH-94; 2M2	CTCCTCTGCAATTAC
CD298/_2-microglobulin_LNH-94; 2M2	CAGTAGTCACGGTCA
CD298/_2-microglobulin_LNH-94; 2M2	ATTGACCCGCGTTAG
CD298/_2-microglobulin_LNH-94; 2M2	TAACGACCAGCCATA
CD298/_2-microglobulin_LNH-94; 2M2	AAATCTCTCAGGCTC
CD298/_2-microglobulin_LNH-94; 2M2	CTGTATGTCCGATTG
CD298/_2-microglobulin_LNH-94; 2M2	TAAGATTCAGAGCGA
CD298/_2-microglobulin_LNH-94; 2M2	CTCAGTGCATTCTGG
CD298/_2-microglobulin_LNH-94; 2M2	GCATTCTGTGCTATC
CD298/_2-microglobulin_LNH-94; 2M2	CAAACCAACAGTTCG
CD298/_2-microglobulin_LNH-94; 2M2	ACCCTTCCCTTCGTT
CD298/_2-microglobulin_LNH-94; 2M2	TAACCACTGGATGAT
CD298/_2-microglobulin_LNH-94; 2M2	ACGTTGTGCATTGAC
CD298/_2-microglobulin_LNH-94; 2M2	GGTTGTTGTTAGTGG
CD298/_2-microglobulin_LNH-94; 2M2	ACCTGCAACTCATTC
H-2/CD45  _M1/42; 30-F11	ACCCACCAGTAAGAC
H-2/CD45  _M1/42; 30-F11	GGTCGAGAGCATTCA
H-2/CD45  _M1/42; 30-F11	CTTGCCGCATGTCAT
H-2/CD45  _M1/42; 30-F11	AAAGCATTCTTCACG
H-2/CD45  _M1/42; 30-F11	CTTTGTCTTTGTGAG
H-2/CD45  _M1/42; 30-F11	TATGCTGCCACGGTA
H-2/CD45  _M1/42; 30-F11	GAGTCTGCCAGTATC
H-2/CD45  _M1/42; 30-F11	TATAGAACGCCAGGC
H-2/CD45  _M1/42; 30-F11	TGCCTATGAAACAAG
H-2/CD45  _M1/42; 30-F11	CCGATTGTAACAGAC
H-2/CD45  _M1/42; 30-F11	GCTTACCGAATTAAC
H-2/CD45  _M1/42; 30-F11	CTGCAAATATAACGG
H-2/CD45  _M1/42; 30-F11	CTACATTGCGATTTG
H-2/CD45  _M1/42; 30-F11	CTTTCGCCAACTCTG
H-2/CD45  _M1/42; 30-F11	CCCTCTCTGGATTCT
H-2/CD45  _M1/42; 30-F11	GATGTATCCGTTGTC
H-2/CD45  _M1/42; 30-F11	GAATTAGCTGTGCAA
H-2/CD45  _M1/42; 30-F11	CAAGTATCTGCCGTG
