CD3	CTCATTGTAACTCCT
CD56	TCCTTTCCTGATAGG
CD19	CTGGGCAATTACTCG
CD11c	TACGCCTATAACTTG
CD38	TGTACCCGCTTGTGA
CD45RA	TCAATCCTTCCGCTT
CD123	CTTCACTCTGTCAGG
CD127	GTGTGTTGTCCTATG
CD4	TGTTCCCGCTCAACT
CD8a	GCTGCGCTTTCCATT
CD14	TCTCAGACCTCCGTA
CD16	AAGTTCACTCTTTGC
CD25	TTTGTCCTGTACGCC
CD45RO	CTCCGAATCATGTTG
CD69	GTCTCTTGGCTTAAA
CD197	AGTTCAGTCAACCGA
CD161	GTACGCAGTCCTTCT
CD28	TGAGAACGACCCTAA
CD27	GCACTCCTGCATGTA
HLA-DR	AATAGCGAGCAAGTA
CD57	AACTCCCTATGGAGG
ICOS	CGCGCACCCATTAAA
CD79b	ATTCTTCAACCGAAG
CD11a	TATATCCTTGTGAGC
CD34	GCAGAAATCTCCCTT
