CD4_RM4-5	AACAAGACCCTTGAG
CD8a_53-6.7	TACCCGTAATAGCGT
CD366_RMT3-23	ATTGGCACTCAGATG
CD279_RMP1-30	GAAAGTCAAAGCACT
CD80_2D10	ACGAATCAATCTGTG
CD86_IT2.2	GTCTTTGTCAGTGCA
CD274_29E.2A3	GTTGTCCGACAATAC
CD273_24F.10C12	TCAACGCTTGGCTAG
CD275_2D3	GTGCATTCAACAGTA
CD276_DCN.70	GACTGGGAGGGTATT
CD117_2B8	TGCATGTCATCGGTG
Ly-6C_HK1.4	AAGTCGTGAGGCATG
CD11b_M1/70	TGAAGGCTCATTTGT
Ly-6G_1A8	ACATTGACGCAACTA
CD270_122	TGATAGAAACAGACC
CD137L_5F4	ATTCGCCTTACGCAA
CD155_SKII.4	ATCACATCGTTGCCA
CD112_TX31	AACCTTCCGTCTAAG
CD47_CC2C6	GCATTCTGTCACCTA
CD70_113-16	CGCGAACATAAGAAG
CD30_BY88	TCAGGGTGTGCTGTA
CD48_BJ40	CTACGACGTAGAAGA
CD40_5C3	CTCAGATGGAGTATG
CD154_24-31	GCTAGATAGATGCAA
CD52_HI186	CTTTGTACGAGCAAA
CD3_UCHT1	CTCATTGTAACTCCT
CD4_SK3	GAGGTTAGTGATGGA
CD8_SK1	GCGCAACTTGATGAT
CD56 (NCAM)_5.1H11	TCCTTTCCTGATAGG
CD45_2D1	TCCCTTGCGATTTAC
CD3_SK7	TATCCCTTGGGATGG
CD19_HIB19	CTGGGCAATTACTCG
CD14_63D3	CAATCAGACCTATGA
CD33_P67.6	TAACTCAGGGCCTAT
CD11c_S-HCL-3	TACGCCTATAACTTG
CD34_581	GCAGAAATCTCCCTT
CD138_MI15	ACTCTTTCGTTTACG
CD269_19F2	CAGATGATCCACCAT
beta2-microglobulin_2M2	CAGCCCGATTAAGGT
HLA-A,B,C_W6/32	TATGCGAGGCTTATC
CD90_5E10	GCATTGTACGATTCA
CD117_104D2	AGACTAATAGCTGAC
CD10_HI10a	CAGCCATTCATTAGG
CD45RA_HI100	TCAATCCTTCCGCTT
CD123_6H6	CTTCACTCTGTCAGG
CD7_CD7-6B7	TGGATTCCCGGACTT
CD105_43A3	ATCGTCGAGAGCTAG
CD201_RCR-401	GTTTCCTTGACCAAG
CD49f_GoH3	TTCCGAGGATGATCT
CD194_L291H4	AGCTTACCTGCACGA
CD4_RPA-T4	TGTTCCCGCTCAACT
CD44_IM7	TGGCTTCAGGTCCTA
CD54_YN1/1.7.4	ATAACCGACACAGTG
CD90.2_30-H12	CCGATCAGCCGTTTA
CD15_MC-480	GCTAGTTTGTGCTGC
CD73_TY/11.8	ACACTTAACGTCTGG
CD49d_R1-2	CGCTTGGACGCTTAA
CD200_OX-90	TCAATTCCGGTAGTC
CD8a_RPA-T8	GCTGCGCTTTCCATT
CD14_M5E2	TCTCAGACCTCCGTA
CD16_3G8	AAGTTCACTCTTTGC
CD56_QA17A16	TTCGCCGCATTGAGT
CD25_BC96	TTTGTCCTGTACGCC
CD45RO_UCHL1	CTCCGAATCATGTTG
CD279_EH12.2H7	ACAGCGCCGTATTTA
TIGIT (VSTM3)_A15153G	TTGCTTACCGCCAGA
nan_MOPC-21	GCCGGACGACATTAA
nan_MOPC-173	CTCCTACCTAAACTG
nan_MPC-11	ATATGTATCACGCGA
CD19_6D5	ATCAGCCATGTCAGT
nan_RTK4530	GATTCTTGACGACCT
CD45_30-F11	TGGCTATGGAGCAGA
CD25_PC61	ACCATGAGACACAGT
CD135_A2F10	GTAGCAAGATTCAAG
CD20_2H7	TTCTGGGTCCCTAGA
CD335_9E2	ACAATTTGAACAGCG
CD294_BM16	TGTTTACGAGAGCCC
CD45R/B220_RA3-6B2	CCTACACCTCATAAT
CD115_AFS98	TTCCGTTGTTGTGAG
CD11c_N418	GTTATGGACGCTTGC
CD21,CD35_7E9	GGATAATTTCGATCC
CD23_B3B4	TCTCTTGGAAGATGA
CD16/32_93	TTCGATGCTGGAGCA
CD43_S11	TTGGAGGGTTGTGCT
CD5_53-7.3	CAGCTCAGTGTGTTG
CD62L_MEL-14	TGGGCCTAAGTCATC
CD93_AA4.1	GGTATTTCCTGTGGT
F4/80_BM8	TTAACTTCAGCCCGT
Fc&epsilon;RI&alpha;_MAR-1	AGTCACCTCGAAGCT
Ly-6G/Ly-6C_RB6-8C5	TAGTGTATGGACACG
I-A/I-E_M5/114.15.2	GGTCACCAGTATGAT
NK-1.1_PK136	GTAACATTACTCGTC
Siglec H_551	CCGCACCTACATTAG
TCR &beta; chain_H57-597	TCCTATGGGACTCAG
TCR &gamma;/&delta;_GL3	AACCCAAATAGCTGA
TER-119_TER-119	GCGCGTTTGTGCTAT
CD326_9C4	TTCCGAGCAAGTATC
CD31_WM59	ACCTTTATGCCACGG
CD44_BJ18	AATCCTTCCGAATGT
CD133_clone 7	TGGTAACGACAGTCC
Podoplanin_NC-08	GGTTACTCGTTGTGT
CD140a_16A1	ATGCGCCGAGAATTA
CD140b_18A2	CAATGGTTCACTGCC
Ly-6A/E_D7	TTCCTTTCCTACGCA
Cadherin 11_16G5	CGTTGCCATTAACCA
EGFR_AY13	GCTTAACATTGGCAC
CD340_24D2	CTGTAGCCGCCTATT
CD146_P1H12	CCTTGGATAACATCA
CD324_67A4	ATCCTTCTCCCTTTC
IgM_MHM-88	TAGCGAGCCCGTATA
CD5_UCHT2	CATTAACGGGATGCC
TCR &gamma;/&delta;_B1	CTTCCGATTCATTCA
CD183_G025H7	GCGATGGTAGATTAT
CD195_J418F1	CCAAAGTAAGAGCCA
CD32_FUN-2	GCTTCCGAATTACCG
CD196_G034E3	GATCCCTTTGTCACT
CD185_J252D4	AATTCAACCGTCGCC
CD103_Ber-ACT8	GACCTCATTGTGAAT
CD69_FN50	GTCTCTTGGCTTAAA
CD62L_DREG-56	GTCCCTGCAACTTGA
CD197_G043H7	AGTTCAGTCAACCGA
CD161_HP-3G10	GTACGCAGTCCTTCT
CD152_BNI3	ATGGTTCACGTAATC
CD223 (LAG-3)_11C3C65	CATTTGTCTGCCGGT
KLRG1_SA231A2	CTTATTTCCTGCCCT
CD27_O323	GCACTCCTGCATGTA
CD107a_H4A3	CAGCCCACTGCAATA
CD95_DX2	CCAGCTCATTAGAGC
CD45.2_104	CACCGTCATTCAACC
CD134_Ber-ACT35 (ACT35)	AACCCACCGTTGTTA
HLA-DR_L243	AATAGCGAGCAAGTA
CD1c_L161	GAGCTACTTCACTCG
CD11b_ICRF44	GACAAGTGATCTGCA
CD64_10.1	AAGTATGCCCTACGA
CD141_M80	GGATAACCGCGCTTT
CD1d_51.1	TCGAGTCGCTTATCA
CD314_1D11	CGTGTTTGTTCCTCA
CD66b_6/40c	AGCTGTAAGTTTCGG
CD35_E11	ACTTCCGTCGATCTT
CD57_QA17A04	AACTCCCTATGGAGG
CD366_F38-2E2	TGTCCTACCCAACTT
CD272_MIH26	GTTATTGGACTAAGG
CD278_C398.4A	CGCGCACCCATTAAA
CD58_TS2/9	GTTCCTATGGACGAC
CD96_NK92.39	TGGCCTATAAATGGT
CD39_A1	TTACCTGGTATCCGT
CD178_NOK-1	CCGGTCCTCTGTATT
CD45.1_A20	CCTATGGACTTGGAC
CX3CR1_K0124E1	AGTATCGTCTCTGGG
CD24_ML5	AGATTCCTTCGTGTT
CD21_Bu32	AACCTAGTAGTTCGG
CD3_17A2	GTATGTCCGCTCGAT
CD335_29A1.4	CCCTTTCACCTCGAA
CD11a_TS2/4	TATATCCTTGTGAGC
CD79b_CB3-1	ATTCTTCAACCGAAG
CD66a/c/e_ASL-32	GGGACAGTTCGTTTC
CD244_C1.7	TCGCTTGGATGGTAG
CD274_MIH6	TCGATTCCACCAACT
CD27_LG.3A10	CAAGGTATGTCACTG
CD20_SA275A11	TCCACTCCCTGTATA
CD357_DTA-1	GGCACTCTGTAACAT
CD137_17B5	TCCCTGTATAGATGA
CD134_OX-86	CTCACCTACCTATGG
CD235ab_HIR2	GCTCCTTTACACGTA
CD69_H1.2F3	TTGTATTCCGCCATT
CD127_A7R34	GTGTGAGGCACTCTT
Siglec-8_7C9	CTTCTCCTCAGCAAT
CD86_GL-1	CTGGATTTGTGTATC
CD103_2E7	TTCATTAGCCCGCTG
CD64_X54-5/7.1	AGCAATTAACGGGAG
CD150_TC15-12F12.2	CAACGCCTAGAAACC
CD28_37.51	ATTAAGAGCGTGTTG
CD206_15-2	TCAGAACGTCTAACT
CD169_7-239	TACTCAGCGTGTTTG
CD370_8F9	CTGCATTTCAGTAAG
XCR1_S15046E	AAGACGCATGTCAAC
TCR V_1.1_2.11	TCGTTTAACCAGCCT
TCR V&gamma;3_536	TCGTGGTCCCTTTCT
TCR V&gamma;2_UC3-10A6	AAGCTGCACCGTAAT
CD24_M1/69	TATATCTTTGCCGCA
Notch 1_MHN1-519	AATCTGTAGTGCGTT
Integrin _7_FIB504	TCCTTGGATGTACCG
CD268_11C1	CGAAGTCGATCCGTA
CD42b_HIP1	TCCTAGTACCGAAGT
CD54_HA58	CTGATAGACTTGAGT
CD62P_AK4	CCTTCCGTATCCCTT
CD119_GIR-208	TGTGTATTCCCTTGT
TCR _/__IP26	CGTAACGTAGAGCGA
CD196_29-2L17	CTCTCTGCATTCCTC
CD106_429 (MVCAM.A)	CGTTCCTACCTACCT
CD122_5H4	GGTATGCGACACTTA
CD183_CXCR3-173	GTTCACGCCGTGTTA
CD62P (P-selectin)_RMP-1	TGTGTGCCGTAGACT
CD8b_YTS156.7.7	TTCCCTCTATGGAGC
H-2K<sup>b</sup> bound to SIINFEKL_25-D1.16	CGTTTATGGGATGGG
MAdCAM-1_MECA-367	TTGGGCGATTAAGAA
Notch3_MHN3-21	CTATTGGACGTATCT
TCR V&beta;8.1,8.2_KJ16-133.18	ACTATCCGTTGTGCT
nan_RTK2071	ATCAGATGCCCTCAT
nan_G0114F7	GGGAGCGATTCAACT
nan_RTK2758	AAGTCAGGTTCGTTT
nan_RTK4174	TCCAGGCTAGTCATT
nan_HTK888	CCTGTCATTAAGACT
CD192_K036C2	GAGTTCCCTTACCTG
CD106_STA	TCACAGTTCCTTGGA
CD122_TU27	TCATTTCCTCCGATT
CD267_1A1	AGTGATGGAGCGAAC
CD62E_HAE-1f	CTCCCTGTGGCTTAA
KLRG1_2F1/KLRG1	GTAGTAGGCTAGACC
CD135_BV10A4H2	CAGTAGATGGAGCAT
Fc&epsilon;RI&alpha;_AER-37 (CRA-1)	CTCGTTTCCGTATCG
CD41_HIP8	ACGTTGTGGCCTTGT
TCR V_5.1, 5.2_MR9-4	CTCAACAGTATTCTG
CD137_4B4-1	CAGTAAGTTCGGGAC
CD254_MIH24	TCCGTGTTAGTTTGT
CD43_CD43-10G7	GATTAACCAGCTCAT
CD163_GHI/61	GCTTCTCCTTCCTTA
CD83_HB15e	CCACTCATTTCCGGT
CD357 (GITR)_108-17	ACCTTTCGACACTCG
CD59_p282 (H19)	AATTAGCCGTCGAGA
CD309_7D4-6	TTCACGCAGTAAGAT
CD124_G077F6	CCGTCCTGATAGATG
CD13_WM15	TTTCAACGCCCTTTC
CD184_12G5	TCAGGTCCTTTCAAC
CD2_TS1/8	TACGATTTGTCAGGG
CD226_11A8	TCTCAGTGTTTGTGG
CD29_TS2/16	GTATTCCCTCAGTCA
CD303_201A	GAGATGTCCGAATTT
CD49b_P1E6-C5	GCTTTCTTCAGTATG
CD61_VI-PL2	AGGTTGGAGTAGACT
CD81_5A6	GTATCCTTCCTTGGC
CD98_MEM-108	GCACCAACAGCCATT
IgG Fc_M1310G05	CTGGAGCGATTAGAA
CD197_4B12	TTATTAACAGCCCAC
CD223_C9B7W	ATTCCGTCCCTAAGG
CD90/CD90.1_OX-7	AGTATGGGATGCAAT
CD55_JS11	GCTCATTACCCATTA
IgD_IA6-2	CAGTCTCCGTAGAGT
CD18_TS1/18	TATTGGGACACTTCT
CD28_CD28.2	TGAGAACGACCCTAA
TSLPR_1D3	CAGTCCTCTCTGTCA
CD152_UC10-4B9	AGTGTTTGTCCTGGT
CD38_HIT2	TGTACCCGCTTGTGA
CD127_A019D5	GTGTGTTGTCCTATG
CD45_HI30	TGCAATTACCCGGAT
CD15_W6D3	TCACCAGTACCTAGT
CD22_S-HCL-1	GGGTTGTTGTCTTTG
CD71_CY1G4	CCGTGTTCCTCATTA
B7-H4_MIH43	TGTATGTCTGCCTTG
CD26_BA5b	GGTGGCTAGATAATG
CD193_5E8	ACCAATCCTTTCGTC
CD115_9-4D2-1E4	AATCACGGTCCTTGT
CD204_7C9C20	TAGCGAGCCAGATGT
CD144_BV9	TCCACTCATTCTGTA
CD1a_HI149	GATCGTGTTGTGTTA
CD207_10E2	CATTCTTCACGGGAT
CD63_H5C6	GAGATGTCTGCAACT
CD284_HTA125	GCTTAGCTGTATCCG
CD304_12C2	GGACTAAGTTTCGTT
CD36_5-271	TTCTTTGCCTTGCCA
CD172a (SIRP&alpha;)_15-414	CGTGTTTAACTTGAG
CD85_17G10.2	TGTCAGTTCCTATGA
CD38_HB-7	CCTATTCCGATTCCG
CD300LG_ZAQ5	CGGTCCGTATCATTT
CD163_S15049I	GAGCAAGATTAAGAC
CD72_3F3	CAGTCGTGGTAGATA
CD158_HP-MA4	TATCAACCAACGCTT
CD49b_HM_2	CGCGTTAGTAGAGTC
CD172a (SIRP&alpha;)_P84	GATTCCCTTGTAGCA
MERTK_590H11G1E3	TCCTGCATGTACCCA
CD14_Sa14-2	AACCAACAGTCACGT
CD192 (CCR2)_SA203G11	AGTGCGATCTGCAAC
Folate Receptor &beta; (FR-&beta;)_94b/FOLR2	TGTGGCTAGTCAGTT
Tim-4_9F4	CGTCATATAGTATGG
CD48_HM48-1	AGAACCGCCGTAGTT
CD170_S17007L	TCAATCTCCGTCGCT
CD325_8C11	CCTTCCCTTTCCTCT
Biotin_1D4-C5	CGGTATATCAACAGA
CD207_4C7	CGATTTGTATTCCCT
CD201_RCR-16	TATGATCTGCCCTTG
CD169_3D6.112	ATTGACGACAGTCAT
CD71_RI7217	ACCGACCAGTAGACA
Notch 1_HMN1-12	TCCGGTCACTCAGTA
CD41_MWReg30	ACTTGGATGGACACT
TMEM119_A16075D	TCGAACATTTCCAGG
CD93_VIMD2	GCGCTACTTCCTTGA
CD200_OX-104	CACGTAGACCTTTGC
CD204_1F8C33	AGCTAGACACGTTGT
CD326_G8.8	ACCCGCGTTAGTATG
IgM_RMM-1	AGCTACGCATTCAAT
CD304_3E12	CCAGCTCATTCAACG
CD309_Avas12	ATAAGAGCCCACCAT
CD370_7H11	AACTCAGTTGTGCCG
CD38_90	CGTATCCGTCTCCTA
CD55_RIKO-3	ATTGTTGTCAGACCA
CD63_NVG-2	ATCCGACACGTATTA
CD68_FA-11	CTTTCTTTCACGGGA
CD79b_HM79-12	TAACTCAGTGCGAGT
CD83_Michel-19	TCTCAGGCTTCCTAG
CX3CR1_SA011F11	CACTCTCAGTCCTAT
MERTK (Mer)_2B10C42	AGTAGAGCAACTCGT
CD301b_URA-1	CTTGCCTTGCGATTT
Tim-4_RMT4-54	TGCTGGAGGGTATTC
XCR1_ZET	TCCATTACCCACGTT
CD338_5D3	TAAGACTTGGCCGTC
CD29_HM_1-1	ACGCATTCCTTGTGT
IgD_11-26c.2a	TCATATCCGTTGTCC
C5L2_1D9-M12	ACAATTTGTCTGCGA
CD140a_APA5	GTCATTGCGGTCCTA
CD235a_HI264	AGAGTATGTATGGGA
CD49a_TS2/7	ACTGATGGACTCAGA
CD49d_9F10	CCATTCAACTTCCGG
CD73_AD2	CAGTTCCTCAGTTCG
CD9_HI9a	GAGTCACCAATCTGC
TCR V&alpha;7.2_3C10	TACGAGCAGTATTCA
TCR V&delta;2_B6	TCAGTCAGATGGTAT
TCR V_9_B3	AAGTGATGGTATCTG
TCR V&alpha;24-J&alpha;18_6B11	AACTTCTGTGGTAGC
CD354_TREM-26	TAGCCGTTTCCTTTG
CD305_NKTA255	ATTTCCATTCCCTGT
LOX-1_15C4	ACCCTTTACCGAATA
CD158b/j_DX27	GACCCGTAGTTTGAT
CD203c_NP4D6	TAACCGTACCTGCAT
CD133_S16016B	GTAAGACGCCTATGC
CD11a_M17/4	AGAGTCTCCCTTTAG
ESAM_1G8/ESAM	TATAGTTTCCGCCGT
CD209_9E9A8	TCACTGGACACTTAA
CD158e1_DX9	GGACGCTTTCCTTGA
CD158f_UP-R1	AAAGTGATGCCACTG
CD337_P30-15	AAAGTCACTCTGCCG
CD336_P44-8	GGGCAATTAGCGAGT
CD186_K041E5	GACAGTCGATGCAAC
CD226_TX25	AGACCAACTCATTCA
CD200R_OX-110	ATTCTTTCCCTCTGT
CD193_J073E5	TAGAACCGTATCCGT
CD138_281-2	GCGTTTGTATGTACT
CD317_927	TGTGGTAGCCCTTGT
CD105_MJ7/18	TATCCCTGCCTTGCA
CD9_MZ3	TAGCAGTCACTCCTA
CD205_HD30	CTATCGTTTGATGCA
CCR10_6588-5	ATCTGTATGTCACAG
CD271_ME20.4	AACCGCGCTTCAGAT
CD109_W7C5	CACTTAACTCTGGGT
CD18_m24	GCGATTCATGTCACG
CD126_UV4	TGATGGGAGCTTATC
CD130_2E1B02	CACGAGAATTTCAGT
CD164_67D2	GAGGCACTTAACATA
CD142_NY2	CACTGCCGTCGATTA
CD34_SA376A4	AAACTCAGGTCCTTC
P2X7R_1F11	TGCTTCATTCATGTG
CD371_5D3/CLEC12A	GCGAGAAATCTGCAT
CD307c/FcRL3_H5/FcRL3	GCCTAGTTTGAACGC
CD22_OX-97	AGGTCCTCTCTGGAT
CD307d_413D12	CGATTTGATCTGCCT
CD307e_509f6	TCACGCAGTCCTCAA
CD319_162.1	AGTATGCCATGTCTT
CD138_DL-101	GTATAGACCAAAGCC
CD194_2G12	TTCATGTGTTTGTGC
CD39_Duha59	GCGTATTTAACCCGT
CD314_CX5	GAGGCTTATCATTTC
DR3_4C12	GCTTGGGCAATTAAG
IL-33R&alpha;_DIH9	GCGATGGAGCATGTT
Ly49H_3D10	CCAGTAGGCTTATTA
Ly49G_AT8	CGTATCTGTCATTAG
Ly49D_4E5	TATATCCCTCAACGC
Ly-49A_YE1/48.10.6	AATTCCGTCAGATGA
CD199_L053E8	ATTCCTCATTCCTGA
CD45RB_MEM-55	AGATGGGACTCACCA
CD99_3B2/TA8	ACCCGTCCCTAAGAA
CD185_L138D7	ACGTAGTCACCTAGT
CD278_7E.17G9	ACTGCCATATCCCTA
TIGIT_1G9	GAAAGTCGCCAACAG
CD80_16-10A1	GACCCGGTGTCATTT
CD49a_HM_1	CCATTCATTTGTGGC
CD1d_1B1	CAACTTGGCCGAATC
CD226_10E5	ACGCAGTATTTCCGA
CD371_50C1	CATTAGAGTCTGCCA
CD34_HM34	GATTCCTTTACGAGC
CD46_TRA-2-10	ACAGTACGACCTTCT
CD218a_H44	TTGTTGTATCCGATC
CD257_1D6	CAGAGCACCCATTAA
CD352_NT-7	AGTTTCCACTCAGGC
VEGFR-3_9D9F9	TGATCCGAAGTCGTG
CD94_DX22	CTTTCCGGTCCTACA
IgE_MHE-18	GGATGTACCGCGTAT
CD365_1D12	CTTCTGGGATTCTGG
CD150_A12 (7D4)	GTCATTGTATGTCTG
CD162_KPL-1	ATATGTCAGAGCACC
CD84_CD84.1.21	CTCCCTAGTTCCTTT
MR1_26.5	GTTGGATGGTAGACT
JAML_4E10	GTTATGGTTCGTGTT
IL-21R_4A9	GATTCCGACAGTAGA
CD272_6A6	TGACCCTATTGAGAA
DLL1_HMD1-3	AGACCTCCTTACGAT
CD270_HMHV-1B18	GATCCGTGTTGCCTA
Notch 4_HMN4-14	GTACTTAACGTCATC
CD2_RM2-5	TTGCCGTGTGTTTAA
CD120b_TR75-89	GAAGCTGTATCCGAA
Ig light chain __MHK-49	AGCTCAGCCAGTATG
Mac-2_M3/38	GATGCAATTAGCCGG
CD85j_GHI/75	CCTTGTGAGGCTATG
CD23_EBVCS-5	TCTGTATAACCGTCT
Ig light chain __MHL-38	CAGCCAGTAAGTCAC
HLA-A2_BB7.2	GAACATTTCCGACAA
CD198_L263G8	AGCCCGGATGTATTT
GARP_7B11	AGGTATGGTAGAGTA
CD328_6-434	CTTAGCATTTCACTG
CD40_3/23	ATTTGTATGCTGGAG
CD31_390	GCTGTAGTATCATGT
CD107a_1D4B	AAATCTGTGCCGTAC
CD96_3.3	CTGGTATGCGATTAA
CD198_SA214G2	ATCTCCGTTGTGCGA
TCR V&beta;13.1_H131	TTATGGACGTATGGT
CD182_SA044G4	TTTCCTTGTAGAGCG
CD61_2C9.G2 (HM_3-1)	TTCTTTACCCGCCTG
Phycoerythrin_PE001	TGACCAGTTCCGCAT
GPR56_CG4	GCCTAGTTTCCGTTT
CD273_TY25	CACTCCTTGTAGTCA
VISTA_MIH63	ACATTTCCCTTGCCT
CD124_I015F8	GAACCGTAGTATAAC
CD95 _SA367H8	CACATCGTTTGTGTA
HLA-E_3D12	GAGTCGAGAAATCAT
CD82_ASL-24	TCCCACTTCCGCTTT
CD252_RM134L	TCTCAGAACAGCCCT
CD186 (CXCR6)_SA051D1	TGTCAGGTTGTATTC
Ly108_330-AJ	CGATTCTTTGCGAGT
LT-_R_31G4D8	CCTCTATTCAGAGCA
CD74_LN2	CTGTAGCATTTCCCT
CD101_BB27	CTACTTCCCTGTCAA
CD226_TX42.1	CGGTATCCGTCAGTT
Biotin_nan	AACCTTTGCCACTGC
Biotin_nan	GTCCGACTAATAGCT
Biotin_nan	CAGGTTGTTGTCATT
Biotin_nan	TATTTCCACCCGGTC
Biotin_nan	GTTGTGAGCACGAGA
Biotin_nan	GGTAACTCTGGTAGC
Biotin_nan	AGCGTATGTAACTCG
Biotin_nan	TGTGTGAGGCTTGAT
Biotin_nan	ACTCTCACCCATTCC
Biotin_nan	TCTCTCTGCGATTCC
Biotin_nan	ACCCGGTATCAATTA
Biotin_nan	TCTCCTATTGGGCGA
Biotin_nan	AACGTATGTCCTTGC
Biotin_nan	TCAATCTCCTCCTAT
Biotin_nan	GTCACCAAACCGCTA
Biotin_nan	ATGTGCGAGCAAGAT
Biotin_nan	AGTGATCCCTATTGA
Biotin_nan	CATTCTGGGATTCCC
Biotin_nan	ACTTAACCCGTATGG
Biotin_nan	GACATTAAGAGCAGA
Biotin_nan	ATGCGATCAGACCGA
Biotin_nan	CGTATGCGCTTCAAG
Biotin_nan	CAGCAACTTCATTGT
Biotin_nan	GGTATAAGAGCTACG
Biotin_nan	TGCCAGCCCTTTGTA
nan_nan	CGTCCTTTGCCTGTA
Biotin_nan	GGTTGTCATAAGAAC
Biotin_nan	TCAGTATTCTGGGAC
Biotin_nan	GCACCTCATTCCTAC
Biotin_nan	GTATAATGCCCGACA
TCR V&alpha;2_B20.1	TTGACCCGCTACGAA
TCR V&alpha;8.3_B21.14	TTAGAGTCGCTTGGA
TCR V&alpha;8.3_KT50	CTTTCCCTAGTATGC
TCR V&alpha;11_RR8-1	CTTACCCGGATTCTA
CD360_17A12	GAGGATGATGCCATG
TCR &gamma;/&delta;_UC7-13D5	ATCAACCGCCCTAAG
Allophycocyanin_APC003	TTAACCGTCTCCCTT
FITC_FIT-22	TTTGTGTTGTGGTAC
CD98_RL388	TCCTTCCTTTGTAGC
Biotin_nan	AGTCCTTCCGGTATT
Biotin_nan	AGACCCTTGCCGTTT
Biotin_nan	TCGTTGTCAACCGCT
Biotin_nan	TGCTTCACCTCTATG
Biotin_nan	CGCAGTATTAACTTC
Biotin_nan	CCCACTTCCCTTGTA
CD160_7H1	GCGTATGTCAGTACC
CD85k_H1.1	ATGTCAACTCTGGGA
CD51_RMV-7	GGAGTCAGGGTATTA
CD94_18d3	CACAGTTGTCCGTGT
CD205_NLDC-145	CATATTGGCCGTAGT
CD155_TX56	TAGCTTGGGATTAAG
CD178_MFL3	GTCACGTAGTATCTT
GPR56_4C3	GTCATAAGAGCTTAC
CD120b_3G7A02	GCGCAACTCCTTGTA
CD229_HLy-9.1.25	ATAGAACCCAACTTC
PSMA_LNI-17	CTAGATAACGACCGA
CD104_346-11A	GTGATCCCTGGTATT
CD89_A59	GTAGCATTGTAGTGA
CD210_1B1.3a	CACCAACGCTTCAAG
Ly-51_6C3	TCCGTTTGTTGTTGT
C3aR_hC3aRZ8	TAATGCCCTTTCCTT
CD88_20/70	GCAGTCCTACATTGA
CD160_BY55	GGCTAGAAATCAACG
CD88_S5/1	GCCGCATGAGAAACA
HLA-F_3D11/HLA-F	GCAACTCTCCTACCT
Siglec-10_5G6	AAACCAAAGCACCTA
Podocalyxin_mAb 84	GAGCCGGTATAATGC
CD224_KF29	CTGATGAGATGTCAG
MS4A4A_5C12/MS4A4A	CCCTAAACCGTCTCT
CD38_14.27	TTCATTCTGTGCCGC
CD258_T5-39	ACTTCCCTGTAGAAA
DR3_JD3	GAGTTCCCTCAGTTC
nan_TH6	TGATCTAAGGTATGC
CD105 (Endoglin)_SN6h	AACAGACCTCTCAGA
CD30_mCD30.1	ATCATTCCCGCTTAA
CD45RB_C363-16A	TTGTATCTCCCTTGG
CD81_Eat-2	TTGTCACCAACTTCC
DYKDDDDK_L5	ATAGTACGACCCGAT
HA.11_16B12	TTGTGAGGCTTCTCT
His Tag_J095G46	GATATTCCCACCAAA
Notch 2_MHN2-25	GTTGTAGACCCTTAT
CD181_8F1/CXCR1	CTACGCCTCCTTTCT
CD147_HIM6	CTTACGATTAAGAGC
CD209_14E3G7	AGAACAGTCAGTCGC
IgG1_RMG1-1	AGTACCTGCATGTCA
IgG2b_RMG2b-1	GCATTGTAGTCACGC
CCRL2_K097F7	CTTTCGTTGCCTTGG
CLEC5A_14H4-1-2	TCTTGGATTCAGAGC
LAP_S20006A	AACTTCACCTCCTAG
