CD4_RM4-5,AACAAGACCCTTGAG
CD8a_53-6.7,TACCCGTAATAGCGT
CD366_RMT3-23,ATTGGCACTCAGATG
CD279_RMP1-30,GAAAGTCAAAGCACT
CD80_2D10,ACGAATCAATCTGTG
CD86_IT2.2,GTCTTTGTCAGTGCA
CD274_29E.2A3,GTTGTCCGACAATAC
CD273_24F.10C12,TCAACGCTTGGCTAG
CD275_2D3,GTGCATTCAACAGTA
CD276_DCN.70,GACTGGGAGGGTATT
CD117_2B8,TGCATGTCATCGGTG
Ly-6C_HK1.4,AAGTCGTGAGGCATG
CD11b_M1/70,TGAAGGCTCATTTGT
Ly-6G_1A8,ACATTGACGCAACTA
CD270_122,TGATAGAAACAGACC
CD137L_5F4,ATTCGCCTTACGCAA
CD155_SKII.4,ATCACATCGTTGCCA
CD112_TX31,AACCTTCCGTCTAAG
CD47_CC2C6,GCATTCTGTCACCTA
CD70_113-16,CGCGAACATAAGAAG
CD30_BY88,TCAGGGTGTGCTGTA
CD48_BJ40,CTACGACGTAGAAGA
CD40_5C3,CTCAGATGGAGTATG
CD154_24-31,GCTAGATAGATGCAA
CD52_HI186,CTTTGTACGAGCAAA
CD3_UCHT1,CTCATTGTAACTCCT
CD4_SK3,GAGGTTAGTGATGGA
CD8_SK1,GCGCAACTTGATGAT
CD56 (NCAM)_5.1H11,TCCTTTCCTGATAGG
CD45_2D1,TCCCTTGCGATTTAC
CD3_SK7,TATCCCTTGGGATGG
CD19_HIB19,CTGGGCAATTACTCG
CD14_63D3,CAATCAGACCTATGA
CD33_P67.6,TAACTCAGGGCCTAT
CD11c_S-HCL-3,TACGCCTATAACTTG
CD34_581,GCAGAAATCTCCCTT
CD138_MI15,ACTCTTTCGTTTACG
CD269_19F2,CAGATGATCCACCAT
beta2-microglobulin_2M2,CAGCCCGATTAAGGT
"HLA-A,B,C_W6/32",TATGCGAGGCTTATC
CD90_5E10,GCATTGTACGATTCA
CD117_104D2,AGACTAATAGCTGAC
CD10_HI10a,CAGCCATTCATTAGG
CD45RA_HI100,TCAATCCTTCCGCTT
CD123_6H6,CTTCACTCTGTCAGG
CD7_CD7-6B7,TGGATTCCCGGACTT
CD105_43A3,ATCGTCGAGAGCTAG
CD201_RCR-401,GTTTCCTTGACCAAG
CD49f_GoH3,TTCCGAGGATGATCT
CD194_L291H4,AGCTTACCTGCACGA
CD4_RPA-T4,TGTTCCCGCTCAACT
CD44_IM7,TGGCTTCAGGTCCTA
CD54_YN1/1.7.4,ATAACCGACACAGTG
CD90.2_30-H12,CCGATCAGCCGTTTA
CD15_MC-480,GCTAGTTTGTGCTGC
CD73_TY/11.8,ACACTTAACGTCTGG
CD49d_R1-2,CGCTTGGACGCTTAA
CD200_OX-90,TCAATTCCGGTAGTC
CD8a_RPA-T8,GCTGCGCTTTCCATT
CD14_M5E2,TCTCAGACCTCCGTA
CD16_3G8,AAGTTCACTCTTTGC
CD56_QA17A16,TTCGCCGCATTGAGT
CD25_BC96,TTTGTCCTGTACGCC
CD45RO_UCHL1,CTCCGAATCATGTTG
CD279_EH12.2H7,ACAGCGCCGTATTTA
TIGIT (VSTM3)_A15153G,TTGCTTACCGCCAGA
nan_MOPC-21,GCCGGACGACATTAA
nan_MOPC-173,CTCCTACCTAAACTG
nan_MPC-11,ATATGTATCACGCGA
CD19_6D5,ATCAGCCATGTCAGT
nan_RTK4530,GATTCTTGACGACCT
CD45_30-F11,TGGCTATGGAGCAGA
CD25_PC61,ACCATGAGACACAGT
CD135_A2F10,GTAGCAAGATTCAAG
CD20_2H7,TTCTGGGTCCCTAGA
CD335_9E2,ACAATTTGAACAGCG
CD45R/B220_RA3-6B2,CCTACACCTCATAAT
CD115_AFS98,TTCCGTTGTTGTGAG
CD11c_N418,GTTATGGACGCTTGC
CD16/32_93,TTCGATGCTGGAGCA
CD5_53-7.3,CAGCTCAGTGTGTTG
CD62L_MEL-14,TGGGCCTAAGTCATC
F4/80_BM8,TTAACTTCAGCCCGT
Fc&epsilon;RI&alpha;_MAR-1,AGTCACCTCGAAGCT
Ly-6G/Ly-6C_RB6-8C5,TAGTGTATGGACACG
I-A/I-E_M5/114.15.2,GGTCACCAGTATGAT
NK-1.1_PK136,GTAACATTACTCGTC
Siglec H_551,CCGCACCTACATTAG
TCR &beta; chain_H57-597,TCCTATGGGACTCAG
TCR γ/δ_GL3,AACCCAAATAGCTGA
TER-119_TER-119,GCGCGTTTGTGCTAT
CD326_9C4,TTCCGAGCAAGTATC
CD31_WM59,ACCTTTATGCCACGG
CD44_BJ18,AATCCTTCCGAATGT
Podoplanin_NC-08,GGTTACTCGTTGTGT
CD140a_16A1,ATGCGCCGAGAATTA
Ly-6A/E_D7,TTCCTTTCCTACGCA
EGFR_AY13,GCTTAACATTGGCAC
CD340_24D2,CTGTAGCCGCCTATT
CD146_P1H12,CCTTGGATAACATCA
CD324_67A4,ATCCTTCTCCCTTTC
IgM_MHM-88,TAGCGAGCCCGTATA
CD5_UCHT2,CATTAACGGGATGCC
TCR &gamma;/&delta;_B1,CTTCCGATTCATTCA
CD183_G025H7,GCGATGGTAGATTAT
CD195_J418F1,CCAAAGTAAGAGCCA
CD32_FUN-2,GCTTCCGAATTACCG
CD196_G034E3,GATCCCTTTGTCACT
CD185_J252D4,AATTCAACCGTCGCC
CD103_Ber-ACT8,GACCTCATTGTGAAT
CD69_FN50,GTCTCTTGGCTTAAA
CD62L_DREG-56,GTCCCTGCAACTTGA
CD197_G043H7,AGTTCAGTCAACCGA
CD161_HP-3G10,GTACGCAGTCCTTCT
CD152_BNI3,ATGGTTCACGTAATC
CD223 (LAG-3)_11C3C65,CATTTGTCTGCCGGT
KLRG1_SA231A2,CTTATTTCCTGCCCT
CD27_O323,GCACTCCTGCATGTA
CD107a_H4A3,CAGCCCACTGCAATA
CD95_DX2,CCAGCTCATTAGAGC
CD45.2_104,CACCGTCATTCAACC
CD134_Ber-ACT35 (ACT35),AACCCACCGTTGTTA
HLA-DR_L243,AATAGCGAGCAAGTA
CD1c_L161,GAGCTACTTCACTCG
CD11b_ICRF44,GACAAGTGATCTGCA
CD64_10.1,AAGTATGCCCTACGA
CD141_M80,GGATAACCGCGCTTT
CD1d_51.1,TCGAGTCGCTTATCA
CD314_1D11,CGTGTTTGTTCCTCA
CD66b_6/40c,AGCTGTAAGTTTCGG
CD35_E11,ACTTCCGTCGATCTT
CD57_QA17A04,AACTCCCTATGGAGG
CD366_F38-2E2,TGTCCTACCCAACTT
CD272_MIH26,GTTATTGGACTAAGG
CD278_C398.4A,CGCGCACCCATTAAA
CD58_TS2/9,GTTCCTATGGACGAC
CD96_NK92.39,TGGCCTATAAATGGT
CD39_A1,TTACCTGGTATCCGT
CD45.1_A20,CCTATGGACTTGGAC
CX3CR1_K0124E1,AGTATCGTCTCTGGG
CD24_ML5,AGATTCCTTCGTGTT
CD21_Bu32,AACCTAGTAGTTCGG
CD3_17A2,GTATGTCCGCTCGAT
CD335_29A1.4,CCCTTTCACCTCGAA
CD11a_TS2/4,TATATCCTTGTGAGC
CD79b_CB3-1,ATTCTTCAACCGAAG
CD244_C1.7,TCGCTTGGATGGTAG
CD274_MIH6,TCGATTCCACCAACT
CD27_LG.3A10,CAAGGTATGTCACTG
CD20_SA275A11,TCCACTCCCTGTATA
CD357_DTA-1,GGCACTCTGTAACAT
CD235ab_HIR2,GCTCCTTTACACGTA
CD69_H1.2F3,TTGTATTCCGCCATT
CD127_A7R34,GTGTGAGGCACTCTT
CD86_GL-1,CTGGATTTGTGTATC
CD103_2E7,TTCATTAGCCCGCTG
CD64_X54-5/7.1,AGCAATTAACGGGAG
CD150_TC15-12F12.2,CAACGCCTAGAAACC
CD206_15-2,TCAGAACGTCTAACT
CD169_7-239,TACTCAGCGTGTTTG
CD370_8F9,CTGCATTTCAGTAAG
XCR1_S15046E,AAGACGCATGTCAAC
TCR V&gamma;2_UC3-10A6,AAGCTGCACCGTAAT
CD24_M1/69,TATATCTTTGCCGCA
Notch 1_MHN1-519,AATCTGTAGTGCGTT
Integrin &beta;7_FIB504,TCCTTGGATGTACCG
CD268_11C1,CGAAGTCGATCCGTA
CD42b_HIP1,TCCTAGTACCGAAGT
CD54_HA58,CTGATAGACTTGAGT
CD62P_AK4,CCTTCCGTATCCCTT
CD119_GIR-208,TGTGTATTCCCTTGT
TCR α/β_IP26,CGTAACGTAGAGCGA
CD196_29-2L17,CTCTCTGCATTCCTC
CD106_429 (MVCAM.A),CGTTCCTACCTACCT
CD122_5H4,GGTATGCGACACTTA
CD183_CXCR3-173,GTTCACGCCGTGTTA
CD62P (P-selectin)_RMP-1,TGTGTGCCGTAGACT
CD8b_YTS156.7.7,TTCCCTCTATGGAGC
MAdCAM-1_MECA-367,TTGGGCGATTAAGAA
Notch3_MHN3-21,CTATTGGACGTATCT
CD68_Y1/82A,CGGTGTTTGTAGCAA
"TCR V&beta;8.1,8.2_KJ16-133.18",ACTATCCGTTGTGCT
nan_RTK2071,ATCAGATGCCCTCAT
nan_RTK2758,AAGTCAGGTTCGTTT
nan_HTK888,CCTGTCATTAAGACT
CD192_K036C2,GAGTTCCCTTACCTG
CD122_TU27,TCATTTCCTCCGATT
CD267_1A1,AGTGATGGAGCGAAC
KLRG1_2F1/KLRG1,GTAGTAGGCTAGACC
CD135_BV10A4H2,CAGTAGATGGAGCAT
Fc&epsilon;RI&alpha;_AER-37 (CRA-1),CTCGTTTCCGTATCG
CD41_HIP8,ACGTTGTGGCCTTGT
CD137_4B4-1,CAGTAAGTTCGGGAC
CD163_GHI/61,GCTTCTCCTTCCTTA
CD83_HB15e,CCACTCATTTCCGGT
CD357 (GITR)_108-17,ACCTTTCGACACTCG
CD59_p282 (H19),AATTAGCCGTCGAGA
CD124_G077F6,CCGTCCTGATAGATG
CD13_WM15,TTTCAACGCCCTTTC
CD184_12G5,TCAGGTCCTTTCAAC
CD2_TS1/8,TACGATTTGTCAGGG
CD226_11A8,TCTCAGTGTTTGTGG
CD29_TS2/16,GTATTCCCTCAGTCA
CD303_201A,GAGATGTCCGAATTT
CD49b_P1E6-C5,GCTTTCTTCAGTATG
CD81_5A6,GTATCCTTCCTTGGC
CD98_MEM-108,GCACCAACAGCCATT
IgG Fc_M1310G05,CTGGAGCGATTAGAA
CD197_4B12,TTATTAACAGCCCAC
CD223_C9B7W,ATTCCGTCCCTAAGG
CD90/CD90.1_OX-7,AGTATGGGATGCAAT
Panendothelial Cell Antigen_MECA-32,CGTCCTAGTCATTGG
IgD_IA6-2,CAGTCTCCGTAGAGT
CD18_TS1/18,TATTGGGACACTTCT
CD28_CD28.2,TGAGAACGACCCTAA
CD152_UC10-4B9,AGTGTTTGTCCTGGT
CD38_HIT2,TGTACCCGCTTGTGA
CD127_A019D5,GTGTGTTGTCCTATG
CD45_HI30,TGCAATTACCCGGAT
CD15_W6D3,TCACCAGTACCTAGT
CD22_S-HCL-1,GGGTTGTTGTCTTTG
CD71_CY1G4,CCGTGTTCCTCATTA
B7-H4_MIH43,TGTATGTCTGCCTTG
CD26_BA5b,GGTGGCTAGATAATG
CD115_9-4D2-1E4,AATCACGGTCCTTGT
CD204_7C9C20,TAGCGAGCCAGATGT
CD1a_HI149,GATCGTGTTGTGTTA
CD63_H5C6,GAGATGTCTGCAACT
CD304_12C2,GGACTAAGTTTCGTT
CD36_5-271,TTCTTTGCCTTGCCA
CD172a (SIRP&alpha;)_15-414,CGTGTTTAACTTGAG
CD85_17G10.2,TGTCAGTTCCTATGA
CD38_HB-7,CCTATTCCGATTCCG
CD300LG_ZAQ5,CGGTCCGTATCATTT
CD163_S15049I,GAGCAAGATTAAGAC
CD72_3F3,CAGTCGTGGTAGATA
CD158_HP-MA4,TATCAACCAACGCTT
CD49b_HMα2,CGCGTTAGTAGAGTC
CD172a (SIRP&alpha;)_P84,GATTCCCTTGTAGCA
CD14_Sa14-2,AACCAACAGTCACGT
CD192 (CCR2)_SA203G11,AGTGCGATCTGCAAC
Folate Receptor &beta; (FR-&beta;)_94b/FOLR2,TGTGGCTAGTCAGTT
Tim-4_9F4,CGTCATATAGTATGG
CD48_HM48-1,AGAACCGCCGTAGTT
CD170_S17007L,TCAATCTCCGTCGCT
CD207_4C7,CGATTTGTATTCCCT
CD201_RCR-16,TATGATCTGCCCTTG
CD169_3D6.112,ATTGACGACAGTCAT
Notch 1_HMN1-12,TCCGGTCACTCAGTA
CD41_MWReg30,ACTTGGATGGACACT
CD184_L276F12,GTCGTGGTGTTGTTC
TMEM119_A16075D,TCGAACATTTCCAGG
CD93_VIMD2,GCGCTACTTCCTTGA
CD204_1F8C33,AGCTAGACACGTTGT
CD326_G8.8,ACCCGCGTTAGTATG
IgM_RMM-1,AGCTACGCATTCAAT
CD304_3E12,CCAGCTCATTCAACG
CD309_Avas12,ATAAGAGCCCACCAT
CD36_HM36,TTTGCCGCTACGACA
CD38_90,CGTATCCGTCTCCTA
CD55_RIKO-3,ATTGTTGTCAGACCA
CD63_NVG-2,ATCCGACACGTATTA
CD68_FA-11,CTTTCTTTCACGGGA
CD79b_HM79-12,TAACTCAGTGCGAGT
CD83_Michel-19,TCTCAGGCTTCCTAG
CX3CR1_SA011F11,CACTCTCAGTCCTAT
Folate Receptor &beta;_10/FR2,CTCAGATGCCCTTTA
MERTK (Mer)_2B10C42,AGTAGAGCAACTCGT
CD301b_URA-1,CTTGCCTTGCGATTT
Tim-4_RMT4-54,TGCTGGAGGGTATTC
XCR1_ZET,TCCATTACCCACGTT
IgD_11-26c.2a,TCATATCCGTTGTCC
CD140a_APA5,GTCATTGCGGTCCTA
CD49a_TS2/7,ACTGATGGACTCAGA
CD49d_9F10,CCATTCAACTTCCGG
CD73_AD2,CAGTTCCTCAGTTCG
CD9_HI9a,GAGTCACCAATCTGC
TCR V&alpha;7.2_3C10,TACGAGCAGTATTCA
TCR V&delta;2_B6,TCAGTCAGATGGTAT
TCR Vγ9_B3,AAGTGATGGTATCTG
TCR V&alpha;24-J&alpha;18_6B11,AACTTCTGTGGTAGC
LOX-1_15C4,ACCCTTTACCGAATA
CD158b/j_DX27,GACCCGTAGTTTGAT
CD133_S16016B,GTAAGACGCCTATGC
CD11a_M17/4,AGAGTCTCCCTTTAG
ESAM_1G8/ESAM,TATAGTTTCCGCCGT
CD209_9E9A8,TCACTGGACACTTAA
CD158e1_DX9,GGACGCTTTCCTTGA
CD337_P30-15,AAAGTCACTCTGCCG
CD226_TX25,AGACCAACTCATTCA
CD138_281-2,GCGTTTGTATGTACT
CD317_927,TGTGGTAGCCCTTGT
CD9_MZ3,TAGCAGTCACTCCTA
CD205_HD30,CTATCGTTTGATGCA
CCR10_6588-5,ATCTGTATGTCACAG
CD271_ME20.4,AACCGCGCTTCAGAT
CD109_W7C5,CACTTAACTCTGGGT
CD18_m24,GCGATTCATGTCACG
CD126_UV4,TGATGGGAGCTTATC
CD130_2E1B02,CACGAGAATTTCAGT
CD164_67D2,GAGGCACTTAACATA
CD142_NY2,CACTGCCGTCGATTA
CD34_SA376A4,AAACTCAGGTCCTTC
P2X7R_1F11,TGCTTCATTCATGTG
CD371_5D3/CLEC12A,GCGAGAAATCTGCAT
CD307c/FcRL3_H5/FcRL3,GCCTAGTTTGAACGC
CD22_OX-97,AGGTCCTCTCTGGAT
CD307d_413D12,CGATTTGATCTGCCT
CD307e_509f6,TCACGCAGTCCTCAA
CD319_162.1,AGTATGCCATGTCTT
CD138_DL-101,GTATAGACCAAAGCC
CD194_2G12,TTCATGTGTTTGTGC
CD314_CX5,GAGGCTTATCATTTC
DR3_4C12,GCTTGGGCAATTAAG
Ly49H_3D10,CCAGTAGGCTTATTA
Ly49G_AT8,CGTATCTGTCATTAG
Ly49D_4E5,TATATCCCTCAACGC
Ly-49A_YE1/48.10.6,AATTCCGTCAGATGA
CD199_L053E8,ATTCCTCATTCCTGA
CD45RB_MEM-55,AGATGGGACTCACCA
CD99_3B2/TA8,ACCCGTCCCTAAGAA
CD185_L138D7,ACGTAGTCACCTAGT
CD278_7E.17G9,ACTGCCATATCCCTA
TIGIT_1G9,GAAAGTCGCCAACAG
CD80_16-10A1,GACCCGGTGTCATTT
CD49a_HMα1,CCATTCATTTGTGGC
CD1d_1B1,CAACTTGGCCGAATC
CD371_50C1,CATTAGAGTCTGCCA
CD199_CW-1.2,CCCTCTGGTATGGTT
CD34_HM34,GATTCCTTTACGAGC
CD352_NT-7,AGTTTCCACTCAGGC
CD94_DX22,CTTTCCGGTCCTACA
CD150_A12 (7D4),GTCATTGTATGTCTG
CD162_KPL-1,ATATGTCAGAGCACC
CD272_6A6,TGACCCTATTGAGAA
CD26_H194-112,ATGGCCTGTCATAAT
DLL1_HMD1-3,AGACCTCCTTACGAT
CD339_HMJ1-29,TAGTATGCTGGAGCG
Notch 4_HMN4-14,GTACTTAACGTCATC
Ig light chain κ_MHK-49,AGCTCAGCCAGTATG
Mac-2_M3/38,GATGCAATTAGCCGG
CD85j_GHI/75,CCTTGTGAGGCTATG
CD23_EBVCS-5,TCTGTATAACCGTCT
Ig light chain λ_MHL-38,CAGCCAGTAAGTCAC
HLA-A2_BB7.2,GAACATTTCCGACAA
CD198_L263G8,AGCCCGGATGTATTT
GARP_7B11,AGGTATGGTAGAGTA
CD328_6-434,CTTAGCATTTCACTG
CD40_3/23,ATTTGTATGCTGGAG
CD31_390,GCTGTAGTATCATGT
CD107a_1D4B,AAATCTGTGCCGTAC
CD96_3.3,CTGGTATGCGATTAA
CD198_SA214G2,ATCTCCGTTGTGCGA
TCR V&beta;13.1_H131,TTATGGACGTATGGT
CD182_SA044G4,TTTCCTTGTAGAGCG
CD61_2C9.G2 (HMβ3-1),TTCTTTACCCGCCTG
Phycoerythrin_PE001,TGACCAGTTCCGCAT
GPR56_CG4,GCCTAGTTTCCGTTT
CD95 _SA367H8,CACATCGTTTGTGTA
HLA-E_3D12,GAGTCGAGAAATCAT
MICA/MICB_6D4,CCCGCAGTATAACGA
CD82_ASL-24,TCCCACTTCCGCTTT
CD252_RM134L,TCTCAGAACAGCCCT
Ly108_330-AJ,CGATTCTTTGCGAGT
CD74_LN2,CTGTAGCATTTCCCT
CD101_BB27,CTACTTCCCTGTCAA
Biotin_nan,GTCCGACTAATAGCT
nan_nan,CAGGTTGTTGTCATT
nan_nan,TATTTCCACCCGGTC
nan_nan,GTTGTGAGCACGAGA
Allophycocyanin_APC003,TTAACCGTCTCCCTT
FITC_FIT-22,TTTGTGTTGTGGTAC
CD98_RL388,TCCTTCCTTTGTAGC
CD157_BP-3,AGAGCAATTTCAGGG
"HLA-DR, DP, DQ_Tü39",AGCTACGAGCAGTAG
CD120b_3G7A02,GCGCAACTCCTTGTA
CD229_HLy-9.1.25,ATAGAACCCAACTTC
CD104_346-11A,GTGATCCCTGGTATT
CD210_1B1.3a,CACCAACGCTTCAAG
CD88_20/70,GCAGTCCTACATTGA
ROR1_2A2,AACCTAAGAGCCCGT
CD160_BY55,GGCTAGAAATCAACG
CD88_S5/1,GCCGCATGAGAAACA
HLA-F_3D11/HLA-F,GCAACTCTCCTACCT
Siglec-10_5G6,AAACCAAAGCACCTA
Podocalyxin_mAb 84,GAGCCGGTATAATGC
CD224_KF29,CTGATGAGATGTCAG
MS4A4A_5C12/MS4A4A,CCCTAAACCGTCTCT
CD258_T5-39,ACTTCCCTGTAGAAA
DR3_JD3,GAGTTCCCTCAGTTC
HLA-DQ_Tü169,TTCACCGTAGTACGA
DYKDDDDK_L5,ATAGTACGACCCGAT
HA.11_16B12,TTGTGAGGCTTCTCT
His Tag_J095G46,GATATTCCCACCAAA
CD262_DJR2-4 (7-8),TTGGCCTGTAGAAAT
CD261_DJR1,GCCCTTCCTCATTTC
LAP_S20006A,AACTTCACCTCCTAG
CD85k_ZM4.1,GCCGTATCTCCTTAC
CD85d_42D1,AACGACGTAGATAGG
